mapID,study,fair,comparison,pvalue,sig
1,tms,visit1,vA0,0.004,**
1,tms,visit1,vA1,0.0474,*
1,tms,visit1,vA2,0.02939999999999998,*
1,tms,visit1,v01,0,***
1,tms,visit1,v02,0,***
1,tms,visit1,v12,0.26970000000000005,n.s.
1,tms,visit1,aA0,0,***
1,tms,visit1,aA1,0,***
1,tms,visit1,aA2,0,***
1,tms,visit1,a01,0,***
1,tms,visit1,a02,0,***
1,tms,visit1,a12,0,***
2,tms,visit2,vA0,0.0204,*
2,tms,visit2,vA1,0.1876,n.s.
2,tms,visit2,vA2,0.15590000000000004,n.s.
2,tms,visit2,v01,0,***
2,tms,visit2,v02,0,***
2,tms,visit2,v12,0.3768,n.s.
2,tms,visit2,aA0,0,***
2,tms,visit2,aA1,0,***
2,tms,visit2,aA2,0,***
2,tms,visit2,a01,0,***
2,tms,visit2,a02,0,***
2,tms,visit2,a12,0,***
3,tms,visit3,vA0,0.0013,**
3,tms,visit3,vA1,0.2882,n.s.
3,tms,visit3,vA2,0.3519,n.s.
3,tms,visit3,v01,0,***
3,tms,visit3,v02,0,***
3,tms,visit3,v12,0.3323,n.s.
3,tms,visit3,aA0,0,***
3,tms,visit3,aA1,0,***
3,tms,visit3,aA2,0,***
3,tms,visit3,a01,0,***
3,tms,visit3,a02,0,***
3,tms,visit3,a12,0,***
4,tms,visit4,vA0,0,***
4,tms,visit4,vA1,0.2058,n.s.
4,tms,visit4,vA2,0.0792,n.s.
4,tms,visit4,v01,0,***
4,tms,visit4,v02,0,***
4,tms,visit4,v12,0.0669,n.s.
4,tms,visit4,aA0,0,***
4,tms,visit4,aA1,0,***
4,tms,visit4,aA2,0,***
4,tms,visit4,a01,0,***
4,tms,visit4,a02,0,***
4,tms,visit4,a12,0,***
